Insert into Qwests (idTest, Title, TypeQwest)
   value (4, "Установите соответствие.", 5);
Insert into Answers (idQwest, Answer) value (74, "1Б2Д3А4С"); 
Insert into Dstractors (idQwest, Dstractor) value (74, "1.Методы обучения");
Insert into Dstractors (idQwest, Dstractor) value (74, "2.Процесс обучения");
Insert into Dstractors (idQwest, Dstractor) value (74, "4.Формы обучения");
Insert into Dstractors (idQwest, Dstractor) value (74, "4.Дидактика");
Insert into Dstractors (idQwest, Dstractor) value (74, "А.Внешнее выражение учебного процесса");
Insert into Dstractors (idQwest, Dstractor) value (74, "Б.Способы взаимосвязанной деятельности детей и педагога по вооружению обучаемых ЗУН, их воспитанию в процессе обучения");
Insert into Dstractors (idQwest, Dstractor) value (74, "С.Область педагогики, исследующая закономерности процесса обучения");
Insert into Dstractors (idQwest, Dstractor) value (74, "Д.Целенаправленный процесс взаимодействия педагога и детей, в ходе которого осуществляется воспитание и развитие детей");

Insert into Qwests (idTest, Title, TypeQwest)
   value (4, "Установите соответствие.", 5);
Insert into Answers (idQwest, Answer) value (75, "1Б2Д3А4С"); 
Insert into Dstractors (idQwest, Dstractor) value (75, "1.Содержание образования");
Insert into Dstractors (idQwest, Dstractor) value (75, "2.Учебная деятельность");
Insert into Dstractors (idQwest, Dstractor) value (75, "4.Учебная задача");
Insert into Dstractors (idQwest, Dstractor) value (75, "4.Умственное развитие");
Insert into Dstractors (idQwest, Dstractor) value (75, "А.Педагогическая ситуация, заданная учителем на уроке при определенных условиях");
Insert into Dstractors (idQwest, Dstractor) value (75, "Б.Педагогически адаптированный социальный опыт, включающий ЗУНы, общие способы интеллектуальной деятельности, опыт творческой деятельности и  опыт эмоционально-ценностного отношения к миру");
Insert into Dstractors (idQwest, Dstractor) value (75, "С.Совокупность количественных и качественных изменений ребенка ,происходящих в умственной деятельности под влиянием воспитательных воздействий");
Insert into Dstractors (idQwest, Dstractor) value (75, "Д.Совокупность действий обучающихся, направленных на процесс познания и преобразования объекта");

Insert into Qwests (idTest, Title, TypeQwest)
   value (4, "Установите соответствие.", 2);
Insert into Answers (idQwest, Answer) value (76, "Все ответы верны"); 
Insert into Dstractors (idQwest, Dstractor) value (76, "знания, умения, навыки");
Insert into Dstractors (idQwest, Dstractor) value (76, "общие интеллектуальные способы деятельности");
Insert into Dstractors (idQwest, Dstractor) value (76, "опыт творческой деятельности");
Insert into Dstractors (idQwest, Dstractor) value (76, "опыт эмоционально-ценностного отношения обучающегося к себе, социуму, миру в целом");
Insert into Dstractors (idQwest, Dstractor) value (76, "Все ответы верны");
Insert into Dstractors (idQwest, Dstractor) value (76, "Все ответы неверны");

Insert into Qwests (idTest, Title, TypeQwest)
   value (4, "Установите соответствие.", 5);
Insert into Answers (idQwest, Answer) value (77, "1Б2А3Г4Д"); 
Insert into Dstractors (idQwest, Dstractor) value (77, "1.Содержание образования");
Insert into Dstractors (idQwest, Dstractor) value (77, "2.Формы обучения");
Insert into Dstractors (idQwest, Dstractor) value (77, "4.Принципы обучения");
Insert into Dstractors (idQwest, Dstractor) value (77, "4.Умения ");
Insert into Dstractors (idQwest, Dstractor) value (77, "А.Особенности объединения педагогом детей для организации занятий");
Insert into Dstractors (idQwest, Dstractor) value (77, "Б.Система ЗУН, освоение которых закладывает основы  для развития и формирования личности");
Insert into Dstractors (idQwest, Dstractor) value (77, "В.Целенаправленный процесс взаимодействия педагога и детей, в ходе которого осуществляется воспитание и развитие детей");
Insert into Dstractors (idQwest, Dstractor) value (77, "Г.Система важнейших требований и положений, обеспечивающих эффективное функционирование учебного процесса");
Insert into Dstractors (idQwest, Dstractor) value (77, "Д.Многократное повторение одних и тех же действий в одинаковых или аналогичных условиях");

Insert into Qwests (idTest, Title, TypeQwest)
   value (4, "Выберите правильный ответ. 
Существуют различные подходы к классификации методов.
К какому из них относятся словесные, наглядные и практические методы?", 0);
Insert into Answers (idQwest, Answer) value (78, "методы по источнику знаний"); 
Insert into Dstractors (idQwest, Dstractor) value (78, "методы по характеру познавательной деятельности учителя и учащегося");
Insert into Dstractors (idQwest, Dstractor) value (78, "методы по источнику знаний");
Insert into Dstractors (idQwest, Dstractor) value (78, "методы по особенностям деятельности учителя и учащегося");

Insert into Qwests (idTest, Title, TypeQwest)
   value (4, "Укажите правильное определение сути проблемного обучения (по М.И. Махмутову):", 0);
Insert into Answers (idQwest, Answer) value (79, "дидактическая система, основанная на сочетании приемов и методов преподавания и учения, которым присущи черты поиска"); 
Insert into Dstractors (idQwest, Dstractor) value (79, "проблема развития инициативы, творчества детей в процессе их обучения и развития");
Insert into Dstractors (idQwest, Dstractor) value (79, "дидактическая система, основанная на сочетании приемов и методов преподавания и учения, которым присущи черты поиска");
Insert into Dstractors (idQwest, Dstractor) value (79, "разновидность учебной деятельности детей по усвоению сообщаемых знаний");

Insert into Qwests (idTest, Title, TypeQwest)
   value (4, "Отметьте, к какой группе методов относятся индуктивные и дедуктивные методы?", 0);
Insert into Answers (idQwest, Answer) value (80, "Методы по логике передачи и восприятия информации"); 
Insert into Dstractors (idQwest, Dstractor) value (80, "Методы по логике передачи и восприятия информации");
Insert into Dstractors (idQwest, Dstractor) value (80, "Методы по степени управления учебной работой");
Insert into Dstractors (idQwest, Dstractor) value (80, "Методы по степени самостоятельности мышления детей при овладении знаниями");

Insert into Qwests (idTest, Title, TypeQwest)
   value (4, "Использование учителем презентации по теме  урока  свидетельствует о том, что учитель:", 0);
Insert into Answers (idQwest, Answer) value (81, "использует методы наглядности");
Insert into Dstractors (idQwest, Dstractor) value (81, "использует информационно-коммуникационные технологии");
Insert into Dstractors (idQwest, Dstractor) value (81, "использует методы наглядности");
Insert into Dstractors (idQwest, Dstractor) value (81, "использует репродуктивные методы");

Insert into Qwests (idTest, Title, TypeQwest)
   value (4, "При каких условиях учитель может использовать только словесные методы?", 0);
Insert into Answers (idQwest, Answer) value (82, "Учитель хорошо владеет словесными методами"); 
Insert into Dstractors (idQwest, Dstractor) value (82, "Учитель хорошо владеет словесными методами");
Insert into Dstractors (idQwest, Dstractor) value (82, "Учитель не располагает временем для проблемного изучения данной темы");
Insert into Dstractors (idQwest, Dstractor) value (82, "Учитель не располагает необходимыми наглядными пособиями или не может изготовить их самостоятельно");

Insert into Qwests (idTest, Title, TypeQwest)
   value (4, "При каких особенностях учащихся рационально применять репродуктивные методы?", 0);
Insert into Answers (idQwest, Answer) value (83, "Ученики еще не готовы к проблемному изучению этой темы"); 
Insert into Dstractors (idQwest, Dstractor) value (83, "Ученики еще не готовы к проблемному изучению этой темы");
Insert into Dstractors (idQwest, Dstractor) value (83, "Ученики готовы к усвоению информации только словесными методами");
Insert into Dstractors (idQwest, Dstractor) value (83, "Ученики готовы к самостоятельному изучению данной темы");

Insert into Qwests (idTest, Title, TypeQwest)
   value (4, "К приемам стимулирования интереса к учению относятся:", 0);
Insert into Answers (idQwest, Answer) value (84, "чтения дополнительной литературы"); 
Insert into Dstractors (idQwest, Dstractor) value (84, "понижение и повышение голоса учителем");
Insert into Dstractors (idQwest, Dstractor) value (84, "чтения дополнительной литературы");
Insert into Dstractors (idQwest, Dstractor) value (84, "опрос ученика у доски");

Insert into Qwests (idTest, Title, TypeQwest)
   value (4, "Совокупность методов, используемых  учителем в процессе изучения  учебного предмета, его разделов, называется:", 0);
Insert into Answers (idQwest, Answer) value (85, "методикой  преподавания"); 
Insert into Dstractors (idQwest, Dstractor) value (85, "педагогической техникой");
Insert into Dstractors (idQwest, Dstractor) value (85, "методикой  преподавания");
Insert into Dstractors (idQwest, Dstractor) value (85, "педагогической технологией");

Insert into Qwests (idTest, Title, TypeQwest)
   value (4, "Термин «воспитывающее обучение» в научный оборот ввел:", 0);
Insert into Answers (idQwest, Answer) value (86, "И.Ф. Гербарт"); 
Insert into Dstractors (idQwest, Dstractor) value (86, "А. Дистервег");
Insert into Dstractors (idQwest, Dstractor) value (86, "И.Ф. Гербарт");
Insert into Dstractors (idQwest, Dstractor) value (86, "Ж.Ж. Руссо");

Insert into Qwests (idTest, Title, TypeQwest)
   value (4, "Автором знаменитого высказывания «Ученик — это не сосуд, который нужно наполнить, а факел, который нужно зажечь» является:", 0);
Insert into Answers (idQwest, Answer) value (87, "Я.А. Коменский"); 
Insert into Dstractors (idQwest, Dstractor) value (87, "Б. Паскаль");
Insert into Dstractors (idQwest, Dstractor) value (87, "М.В. Ломоносов");
Insert into Dstractors (idQwest, Dstractor) value (87, "Я.А. Коменский");

Insert into Qwests (idTest, Title, TypeQwest)
   value (4, "Автором теории оптимизации педагогического процесса является:", 0);
Insert into Answers (idQwest, Answer) value (88, "Ю.К.Бабанский"); 
Insert into Dstractors (idQwest, Dstractor) value (88, "М.И. Махмутов");
Insert into Dstractors (idQwest, Dstractor) value (88, "Л.В. Занков");
Insert into Dstractors (idQwest, Dstractor) value (88, "Ю.К.Бабанский");

Insert into Qwests (idTest, Title, TypeQwest)
   value (4, "Целостную систему обучения  в России во второй половине XIX века создал:", 0);
Insert into Answers (idQwest, Answer) value (89, "К.Д.Ушинский"); 
Insert into Dstractors (idQwest, Dstractor) value (89, "К.Д.Ушинский");
Insert into Dstractors (idQwest, Dstractor) value (89, "Н.А.Корф");
Insert into Dstractors (idQwest, Dstractor) value (89, "В.П.Вахтеров");

Insert into Qwests (idTest, Title, TypeQwest)
   value (4, "Принцип  природосообразности  обучения и воспитания сформулировал и раскрыл:", 0);
Insert into Answers (idQwest, Answer) value (90, "И.Г.Песталоцци"); 
Insert into Dstractors (idQwest, Dstractor) value (90, "И.Г.Песталоцци");
Insert into Dstractors (idQwest, Dstractor) value (90, "А.Дистервег");
Insert into Dstractors (idQwest, Dstractor) value (90, "И.Ф.Гербарт");

Insert into Qwests (idTest, Title, TypeQwest)
   value (4, "С точки зрения психологии  одним из первых педагогические принципы обосновал:", 0);
Insert into Answers (idQwest, Answer) value (91, "И.Гербарт"); 
Insert into Dstractors (idQwest, Dstractor) value (91, "П.Ф.Каптерев");
Insert into Dstractors (idQwest, Dstractor) value (91, "К.Д.Ушинский");
Insert into Dstractors (idQwest, Dstractor) value (91, "И.Гербарт");

Insert into Qwests (idTest, Title, TypeQwest)
   value (4, "На достижение единства части и целого, элемента и структуры при овладении содержанием изучаемого нацеливает принцип:", 0);
Insert into Answers (idQwest, Answer) value (92, "систематичности"); 
Insert into Dstractors (idQwest, Dstractor) value (92, "систематичности");
Insert into Dstractors (idQwest, Dstractor) value (92, "наглядности");
Insert into Dstractors (idQwest, Dstractor) value (92, "прочности");

Insert into Qwests (idTest, Title, TypeQwest)
   value (4, "Организовать педагогический  процесс на основе новейших достижений психологии, педагогики, методики преподавания - это требование принципа:", 0);
Insert into Answers (idQwest, Answer) value (93, "научности"); 
Insert into Dstractors (idQwest, Dstractor) value (93, "систематичности");
Insert into Dstractors (idQwest, Dstractor) value (93, "доступности");
Insert into Dstractors (idQwest, Dstractor) value (93, "научности");

Insert into Qwests (idTest, Title, TypeQwest)
   value (4, "Основоположником теории формального образования является:", 0);
Insert into Answers (idQwest, Answer) value (94, "И.Ф.Гербарт"); 
Insert into Dstractors (idQwest, Dstractor) value (94, "Я.А.Коменский");
Insert into Dstractors (idQwest, Dstractor) value (94, "Г.Спенсер");
Insert into Dstractors (idQwest, Dstractor) value (94, "И.Ф.Гербарт");

Insert into Qwests (idTest, Title, TypeQwest)
   value (4, "Вставьте пропущенное словосочетание:
   Согласно ......., основная цель школы – развитие способностей и познавательных интересов учащихся, их внимания, памяти, мышления:", 0);
Insert into Answers (idQwest, Answer) value (95, "теории дидактического формализма"); 
Insert into Dstractors (idQwest, Dstractor) value (95, "теории материального образования");
Insert into Dstractors (idQwest, Dstractor) value (95, "теории дидактического формализма");
Insert into Dstractors (idQwest, Dstractor) value (95, "теории дидактического утилитаризма");

Insert into Qwests (idTest, Title, TypeQwest)
   value (4, "Содержательно-процессуальную, или внутреннюю, сторону учебного процесса характеризует:", 0); 
Insert into Answers (idQwest, Answer) value (96, "метод обучения");
Insert into Dstractors (idQwest, Dstractor) value (96, "форма организации обучения");
Insert into Dstractors (idQwest, Dstractor) value (96, "метод обучения");
Insert into Dstractors (idQwest, Dstractor) value (96, "технические средства обучения");

Insert into Qwests (idTest, Title, TypeQwest)
   value (4, "Классно-урочная система обучения – это:", 0); 
Insert into Answers (idQwest, Answer) value (97, "организационная форма обучения");
Insert into Dstractors (idQwest, Dstractor) value (97, "метод обучения");
Insert into Dstractors (idQwest, Dstractor) value (97, "организационная форма обучения");
Insert into Dstractors (idQwest, Dstractor) value (97, "средство обучения");

Insert into Qwests (idTest, Title, TypeQwest)
   value (4, "Основы классно-урочной системы заложил:", 0); 
Insert into Answers (idQwest, Answer) value (98, "Я.А.Коменский");
Insert into Dstractors (idQwest, Dstractor) value (98, "Я.А.Коменский");
Insert into Dstractors (idQwest, Dstractor) value (98, "В.Ратке");
Insert into Dstractors (idQwest, Dstractor) value (98, "Ж.Ж.Руссо");

Insert into Qwests (idTest, Title, TypeQwest)
   value (4, "«Золотое правило дидактики»,требующее использования принципа наглядности на уроке впервые сформулировал выдающийся педагог Я.А Коменский в произведении:", 0); 
Insert into Answers (idQwest, Answer) value (99, "Великая дидактика");
Insert into Dstractors (idQwest, Dstractor) value (99, "Педагогический процесс");
Insert into Dstractors (idQwest, Dstractor) value (99, "Материнская школа");
Insert into Dstractors (idQwest, Dstractor) value (99, "Великая дидактика");

Insert into Qwests (idTest, Title, TypeQwest)
   value (4, "Содержание образования  во всех учебных заведениях определяется:", 0); 
Insert into Answers (idQwest, Answer) value (100, "Учебным планом");
Insert into Dstractors (idQwest, Dstractor) value (100, "Федеральным государственным стандартом");
Insert into Dstractors (idQwest, Dstractor) value (100, "Рабочей программой педагога");
Insert into Dstractors (idQwest, Dstractor) value (100, "Учебным планом");

Insert into Qwests (idTest, Title, TypeQwest)
   value (4, "Содержание образования  во всех учебных заведениях определяется:", 0); 
Insert into Answers (idQwest, Answer) value (101, "Учебным планом");
Insert into Dstractors (idQwest, Dstractor) value (101, "Федеральным государственным стандартом");
Insert into Dstractors (idQwest, Dstractor) value (101, "Рабочей программой педагога");
Insert into Dstractors (idQwest, Dstractor) value (101, "Учебным планом");

Insert into Qwests (idTest, Title, TypeQwest)
   value (4, "Дидактика тесно связана с  науками:", 0); 
Insert into Answers (idQwest, Answer) value (102, "психологией");
Insert into Dstractors (idQwest, Dstractor) value (102, "социологией");
Insert into Dstractors (idQwest, Dstractor) value (102, "культурологией");
Insert into Dstractors (idQwest, Dstractor) value (102, "психологией");

Insert into Qwests (idTest, Title, TypeQwest)
   value (4, "Установите соответствие:", 5); 
Insert into Answers (idQwest, Answer) value (103, "1В2А3Б");
Insert into Dstractors (idQwest, Dstractor) value (103, "1.Функции");
Insert into Dstractors (idQwest, Dstractor) value (103, "2.Виды");
Insert into Dstractors (idQwest, Dstractor) value (103, "3.Методы проверки");
Insert into Dstractors (idQwest, Dstractor) value (103, "А)текущая, итоговая, контрольная, инспекторская");
Insert into Dstractors (idQwest, Dstractor) value (103, "Б)текущее наблюдение, письменная проверка, практическая проверка");
Insert into Dstractors (idQwest, Dstractor) value (103, "В)систематичность, всесторонность, объективность, познавательность, дифференцированность, интерес и полезность");

Insert into Qwests (idTest, Title, TypeQwest)
   value (4, "По какому признаку проще всего определить тип и структуру урока:", 0); 
Insert into Answers (idQwest, Answer) value (104, "по дидактическим целям");
Insert into Dstractors (idQwest, Dstractor) value (104, "по дидактическим целям");
Insert into Dstractors (idQwest, Dstractor) value (104, "по расположению элементов урока");
Insert into Dstractors (idQwest, Dstractor) value (104, "по количеству времени, отводимого на достижение главной цели");

Insert into Qwests (idTest, Title, TypeQwest)
   value (4, "К  нестандартным  по форме проведения не  относится  урок:", 0); 
Insert into Answers (idQwest, Answer) value (105, "комбинированный урок");
Insert into Dstractors (idQwest, Dstractor) value (105, "комбинированный урок");
Insert into Dstractors (idQwest, Dstractor) value (105, "урок – игра");
Insert into Dstractors (idQwest, Dstractor) value (105, "урок – суд");

Insert into Qwests (idTest, Title, TypeQwest)
   value (4, "Какие уроки относятся к вспомогательным  формам обучения:", 0); 
Insert into Answers (idQwest, Answer) value (106, "экскурсия");
Insert into Dstractors (idQwest, Dstractor) value (106, "комбинированный урок");
Insert into Dstractors (idQwest, Dstractor) value (106, "экскурсия");
Insert into Dstractors (idQwest, Dstractor) value (106, "интегрированный урок");

Insert into Qwests (idTest, Title, TypeQwest)
   value (4, "Из перечисленных утверждений выберите факторы, определяющие выбор методов обучения:", 0); 
Insert into Answers (idQwest, Answer) value (107, "цель обучения");
Insert into Dstractors (idQwest, Dstractor) value (107, "цель обучения");
Insert into Dstractors (idQwest, Dstractor) value (107, "количество и сложность учебного материала");
Insert into Dstractors (idQwest, Dstractor) value (107, "возраст педагога");

Insert into Qwests (idTest, Title, TypeQwest)
   value (4, "Можно ли считать, что лишь некоторые специальные методы стимулируют интерес и потребность учиться, побуждают учащихся к учению?", 0); 
Insert into Answers (idQwest, Answer) value (108, "нет, это общая функция всех методов, применяемых в школе");
Insert into Dstractors (idQwest, Dstractor) value (108, "нет, это общая функция всех методов, применяемых в школе");
Insert into Dstractors (idQwest, Dstractor) value (108, "да, лишь отдельные методы, такие, например, как контроль, побуждают учащихся к учению, остальные нейтральны в этом отношении");
Insert into Dstractors (idQwest, Dstractor) value (108, "ни один метод специально не направлен на побуждение к учению");

Insert into Qwests (idTest, Title, TypeQwest)
   value (4, "К какому принципу обучения вы отнесете правила: от легкого к трудному, от известного к неизвестному, от простого к сложному?", 0); 
Insert into Answers (idQwest, Answer) value (109, "систематичности и последовательности");
Insert into Dstractors (idQwest, Dstractor) value (109, "наглядности");
Insert into Dstractors (idQwest, Dstractor) value (109, "научности");
Insert into Dstractors (idQwest, Dstractor) value (109, "систематичности и последовательности");

Insert into Qwests (idTest, Title, TypeQwest)
   value (4, "К какому принципу вы отнесете правило: «Как можно чаще используйте вопрос: «почему?», чтобы научить учащихся мыслить причинно: понимание причинно-следственных связей — непременное условие развивающего обучения»?  ", 0); 
Insert into Answers (idQwest, Answer) value (110, "Сознательности и активности");
Insert into Dstractors (idQwest, Dstractor) value (110, "Сознательности и активности");
Insert into Dstractors (idQwest, Dstractor) value (110, "Наглядности");
Insert into Dstractors (idQwest, Dstractor) value (110, "Научности");

Insert into Qwests (idTest, Title, TypeQwest)
   value (4, "В чем отличие дидактического правила от дидактического принципа? Найдите правильный ответ.", 0); 
Insert into Answers (idQwest, Answer) value (111, "Правила конкретизируют принцип. Принцип носит характер общей закономерности; правило, вытекая из принципа обучения, отражает действия, используемые в определенной педагогической ситуации. Правило указывает учителю, как следует в практической работе реализовать дидактический принцип.");
Insert into Dstractors (idQwest, Dstractor) value (111, "Правила конкретизируют принцип. Принцип носит характер общей закономерности; правило, вытекая из принципа обучения, отражает действия, используемые в определенной педагогической ситуации. Правило указывает учителю, как следует в практической работе реализовать дидактический принцип.");
Insert into Dstractors (idQwest, Dstractor) value (111, "Правило является выражением всеобщей закономерности. Дидактический принцип подчинен правилу и вытекает из правила.");
Insert into Dstractors (idQwest, Dstractor) value (111, "Правило, в отличие от принципа, имеет субъективный характер. Учитель в каждом случае формулирует правило, исходя из своих субъективных суждений. ");

Insert into Qwests (idTest, Title, TypeQwest)
   value (4, "Диагностика, прогнозирование, проектирование – это:", 0); 
Insert into Answers (idQwest, Answer) value (112, "этапы подготовки учителя к уроку");
Insert into Dstractors (idQwest, Dstractor) value (112, "этапы подготовки учителя к уроку");
Insert into Dstractors (idQwest, Dstractor) value (112, "педагогический проект");
Insert into Dstractors (idQwest, Dstractor) value (112, "название дисциплины");

Insert into Qwests (idTest, Title, TypeQwest)
   value (4, "Зачет, как метод обучения, относится к методам:", 0); 
Insert into Answers (idQwest, Answer) value (113, "контроля");
Insert into Dstractors (idQwest, Dstractor) value (113, "поощрения");
Insert into Dstractors (idQwest, Dstractor) value (113, "учебно-творческого выражения");
Insert into Dstractors (idQwest, Dstractor) value (113, "контроля");

Insert into Qwests (idTest, Title, TypeQwest)
   value (4, "Предметные результаты подготовки обучающихся по ФГОС ООО  определяются учителем  через:", 0); 
Insert into Answers (idQwest, Answer) value (114, "ЗУНы");
Insert into Dstractors (idQwest, Dstractor) value (114, "ЗУНы");
Insert into Dstractors (idQwest, Dstractor) value (114, "систему ценностей и качеств личности");
Insert into Dstractors (idQwest, Dstractor) value (114, "познавательные действия");

Insert into Qwests (idTest, Title, TypeQwest)
   value (4, "Метапредметные результаты подготовки обучающихся по ФГОС, то есть универсальные учебные действия  обучающегося,  определяются через:", 0); 
Insert into Answers (idQwest, Answer) value (115, "познавательные действия");
Insert into Dstractors (idQwest, Dstractor) value (115, "ЗУНы");
Insert into Dstractors (idQwest, Dstractor) value (115, "познавательные действия");
Insert into Dstractors (idQwest, Dstractor) value (115, "личностные качества обучающегося");

Insert into Qwests (idTest, Title, TypeQwest)
   value (4, "Систематичность и последовательность являются:", 0); 
Insert into Answers (idQwest, Answer) value (116, "дидактическим принципом");
Insert into Dstractors (idQwest, Dstractor) value (116, "методом стимулирования");
Insert into Dstractors (idQwest, Dstractor) value (116, "методом воспитания");
Insert into Dstractors (idQwest, Dstractor) value (116, "дидактическим принципом");

Insert into Qwests (idTest, Title, TypeQwest)
   value (4, "В том случае, если педагог в процессе обучения предлагает для усвоения подлинные, прочно установленные наукой знания,  мы имеем дело с:", 0); 
Insert into Answers (idQwest, Answer) value (117, "дидактическим принципом");
Insert into Dstractors (idQwest, Dstractor) value (117, "дидактическим методом");
Insert into Dstractors (idQwest, Dstractor) value (117, "дидактическим принципом");
Insert into Dstractors (idQwest, Dstractor) value (117, "дидактической формой");

Insert into Qwests (idTest, Title, TypeQwest)
   value (4, "Оценка различных вариантов проведения будущего урока и выбор оптимального составляет содержание понятия:", 0); 
Insert into Answers (idQwest, Answer) value (118, "прогнозирование урока");
Insert into Dstractors (idQwest, Dstractor) value (118, "прогнозирование урока");
Insert into Dstractors (idQwest, Dstractor) value (118, "диагностика урока");
Insert into Dstractors (idQwest, Dstractor) value (118, "планирование урока");